"ID","GBE","Wave","Cond"
"1",5.17938567864893,"Pre","Control"
"1",4.7423225609035,"Post","Control"
"1",2.17512339036731,"FollowUp","Control"
"2",2.22091808194565,"Pre","Skills"
"2",0.888747981775686,"Post","Skills"
"2",5.54674554793506,"FollowUp","Skills"
"3",6.07615631302685,"Pre","SkillsContact"
"3",4.44363960247172,"Post","SkillsContact"
"3",7.37110570697557,"FollowUp","SkillsContact"
"4",4.76661319101653,"Pre","Control"
"4",3.01031576656949,"Post","Control"
"4",5.34662950695678,"FollowUp","Control"
"5",6.12990657204863,"Pre","Skills"
"5",4.21093005187435,"Post","Skills"
"5",4.44976169672633,"FollowUp","Skills"
"6",7.68608062827659,"Pre","SkillsContact"
"6",7.36303377471442,"Post","SkillsContact"
"6",0.222240738106585,"FollowUp","SkillsContact"
"7",0.940529829629135,"Pre","Control"
"7",4.37745524248938,"Post","Control"
"7",7.34549709809102,"FollowUp","Control"
"8",5.9649468579158,"Pre","Skills"
"8",5.15596184167547,"Post","Skills"
"8",4.5149081743871,"FollowUp","Skills"
"9",5.88008254619141,"Pre","SkillsContact"
"9",5.09011346146748,"Post","SkillsContact"
"9",6.6837836626462,"FollowUp","SkillsContact"
"10",6.06938210692374,"Pre","Control"
"10",4.06885020925006,"Post","Control"
"10",4.0844825515314,"FollowUp","Control"
"11",2.75499216464715,"Pre","Skills"
"11",3.70112803015681,"Post","Skills"
"11",6.03394859334964,"FollowUp","Skills"
"12",8.87414883312028,"Pre","SkillsContact"
"12",5.37605888481829,"Post","SkillsContact"
"12",5.18303522873974,"FollowUp","SkillsContact"
"13",4.12589872353654,"Pre","Control"
"13",4.40402207675605,"Post","Control"
"13",3.02472820605979,"FollowUp","Control"
"14",4.87127646520085,"Pre","Skills"
"14",5.96464655426492,"Post","Skills"
"14",3.95342252297915,"FollowUp","Skills"
"15",3.75712249726584,"Pre","SkillsContact"
"15",3.69368567541232,"Post","SkillsContact"
"15",2.99168522977744,"FollowUp","SkillsContact"
"16",4.98238879309301,"Pre","Control"
"16",3.73393305467393,"Post","Control"
"16",3.94504371074106,"FollowUp","Control"
"17",5.22887412568201,"Pre","Skills"
"17",5.38964728040966,"Post","Skills"
"17",4.36457310850426,"FollowUp","Skills"
"18",5.44454230441861,"Pre","SkillsContact"
"18",3.77262232027435,"Post","SkillsContact"
"18",5.45931485847846,"FollowUp","SkillsContact"
"19",4.76881763188637,"Pre","Control"
"19",4.47183942434584,"Post","Control"
"19",3.6160460649454,"FollowUp","Control"
"20",1.88850440310657,"Pre","Skills"
"20",3.94331555728518,"Post","Skills"
"20",5.36248411279012,"FollowUp","Skills"
"21",7.88989962275254,"Pre","SkillsContact"
"21",5.16864313443507,"Post","SkillsContact"
"21",2.36851056282148,"FollowUp","SkillsContact"
"22",9.67059447794224,"Pre","Control"
"22",5.72285306319618,"Post","Control"
"22",4.4924584933468,"FollowUp","Control"
"23",5.67050403340589,"Pre","Skills"
"23",4.43843575637684,"Post","Skills"
"23",4.73085671071131,"FollowUp","Skills"
"24",4.63465027703605,"Pre","SkillsContact"
"24",5.99171707918451,"Post","SkillsContact"
"24",7.20254835474429,"FollowUp","SkillsContact"
"25",1.85009033700311,"Pre","Control"
"25",3.81248534108356,"Post","Control"
"25",2.48145884426069,"FollowUp","Control"
"26",2.93729210159813,"Pre","Skills"
"26",2.28400373728024,"Post","Skills"
"26",3.67106828858754,"FollowUp","Skills"
"27",4.40630837186567,"Pre","SkillsContact"
"27",5.15792361123825,"Post","SkillsContact"
"27",5.6862136456156,"FollowUp","SkillsContact"
"28",4.5408246541754,"Pre","Control"
"28",7.76122996361772,"Post","Control"
"28",4.18999220647097,"FollowUp","Control"
"29",2.39898319186541,"Pre","Skills"
"29",7.83631338273591,"Post","Skills"
"29",2.15422633560433,"FollowUp","Skills"
"30",6.36568949392736,"Pre","SkillsContact"
"30",7.5777122112562,"Post","SkillsContact"
"30",5.52633868354483,"FollowUp","SkillsContact"
"31",2.14259024884299,"Pre","Control"
"31",1.38095254608237,"Post","Control"
"31",4.67932813020551,"FollowUp","Control"
"32",6.21199764030589,"Pre","Skills"
"32",4.42233540592144,"Post","Skills"
"32",3.59652895114832,"FollowUp","Skills"
"33",4.97239531445295,"Pre","SkillsContact"
"33",5.81940361752396,"Post","SkillsContact"
"33",3.95812253280131,"FollowUp","SkillsContact"
"34",3.50294445985733,"Pre","Control"
"34",1.69682408908532,"Post","Control"
"34",2.34380763328849,"FollowUp","Control"
"35",3.13635065634109,"Pre","Skills"
"35",5.24542479474992,"Post","Skills"
"35",5.5806643955881,"FollowUp","Skills"
"36",2.58385289501254,"Pre","SkillsContact"
"36",4.27935379204819,"Post","SkillsContact"
"36",7.05221988261672,"FollowUp","SkillsContact"
"37",5.00374911575313,"Pre","Control"
"37",4.73930089864142,"Post","Control"
"37",3.3999728091105,"FollowUp","Control"
"38",6.53138368761588,"Pre","Skills"
"38",6.0989422692513,"Post","Skills"
"38",2.37476227291572,"FollowUp","Skills"
"39",4.87898126341638,"Pre","SkillsContact"
"39",3.54466428965611,"Post","SkillsContact"
"39",2.96261114918195,"FollowUp","SkillsContact"
"40",2.55054448349138,"Pre","Control"
"40",4.10523289996457,"Post","Control"
"40",7.33218867396496,"FollowUp","Control"
"41",3.59536460216517,"Pre","Skills"
"41",5.22339173837857,"Post","Skills"
"41",6.26027103866986,"FollowUp","Skills"
"42",0.0847233207931524,"Pre","SkillsContact"
"42",2.84232663656724,"Post","SkillsContact"
"42",5.02995004782122,"FollowUp","SkillsContact"
"43",5.77511213978197,"Pre","Control"
"43",6.96702200368032,"Post","Control"
"43",6.2930693432316,"FollowUp","Control"
"44",2.51868832964617,"Pre","Skills"
"44",4.86168915430558,"Post","Skills"
"44",3.82277135282943,"FollowUp","Skills"
"45",4.13748683030808,"Pre","SkillsContact"
"45",4.60359335871673,"Post","SkillsContact"
"45",3.19342751986528,"FollowUp","SkillsContact"
"46",4.46095615898943,"Pre","Control"
"46",6.93020299949942,"Post","Control"
"46",1.64725105316859,"FollowUp","Control"
"47",8.59249772747753,"Pre","Skills"
"47",2.95106760050158,"Post","Skills"
"47",4.62963230666949,"FollowUp","Skills"
"48",4.24579733091627,"Pre","SkillsContact"
"48",8.09907488716123,"Post","SkillsContact"
"48",1.8051080510868,"FollowUp","SkillsContact"
"49",5.31722840733685,"Pre","Control"
"49",3.89668176455473,"Post","Control"
"49",2.11557108037511,"FollowUp","Control"
"50",4.4749831285217,"Pre","Skills"
"50",4.85621626110651,"Post","Skills"
"50",0.636311251932631,"FollowUp","Skills"
"51",3.67085445782775,"Pre","SkillsContact"
"51",1.85059450101508,"Post","SkillsContact"
"51",4.42804579704896,"FollowUp","SkillsContact"
"52",2.27577759917597,"Pre","Control"
"52",4.80815109110759,"Post","Control"
"52",4.20735978199315,"FollowUp","Control"
"53",2.22520732462054,"Pre","Skills"
"53",4.7891169699243,"Post","Skills"
"53",3.72249118085699,"FollowUp","Skills"
"54",5.53186063779265,"Pre","SkillsContact"
"54",5.71165037472935,"Post","SkillsContact"
"54",3.98614116927002,"FollowUp","SkillsContact"
"55",5.77950536618992,"Pre","Control"
"55",4.57215745855219,"Post","Control"
"55",0.86330870294177,"FollowUp","Control"
"56",6.19617988511734,"Pre","Skills"
"56",5.16973991938572,"Post","Skills"
"56",3.49861116397429,"FollowUp","Skills"
"57",0.775063035297899,"Pre","SkillsContact"
"57",6.06850554662222,"Post","SkillsContact"
"57",6.60359740948975,"FollowUp","SkillsContact"
"58",4.9556533315636,"Pre","Control"
"58",3.14895969104573,"Post","Control"
"58",5.13010911252418,"FollowUp","Control"
"59",5.23141534608305,"Pre","Skills"
"59",2.5365852867267,"Post","Skills"
"59",1.76254901072918,"FollowUp","Skills"
"60",2.11947010234128,"Pre","SkillsContact"
"60",6.3755077428893,"Post","SkillsContact"
"60",4.74150241268379,"FollowUp","SkillsContact"
"61",4.14114039988772,"Pre","Control"
"61",5.5627819385795,"Post","Control"
"61",2.25268324036791,"FollowUp","Control"
"62",1.20757495368544,"Pre","Skills"
"62",8.02737054892039,"Post","Skills"
"62",4.35566570318322,"FollowUp","Skills"
"63",6.05309160777101,"Pre","SkillsContact"
"63",3.71266991524967,"Post","SkillsContact"
"63",2.81338484473611,"FollowUp","SkillsContact"
"64",5.98603128187224,"Pre","Control"
"64",6.09096228109839,"Post","Control"
"64",2.06086315317104,"FollowUp","Control"
"65",5.39927276760158,"Pre","Skills"
"65",5.91202362619682,"Post","Skills"
"65",3.66458447651569,"FollowUp","Skills"
"66",5.49178076303832,"Pre","SkillsContact"
"66",3.14192148058166,"Post","SkillsContact"
"66",3.98101915575414,"FollowUp","SkillsContact"
"67",4.60692500181618,"Pre","Control"
"67",5.28148603332166,"Post","Control"
"67",2.75733767177199,"FollowUp","Control"
"68",5.55031401574408,"Pre","Skills"
"68",4.17680652683819,"Post","Skills"
"68",5.13868215016544,"FollowUp","Skills"
"69",2.37790506470671,"Pre","SkillsContact"
"69",2.89361923972884,"Post","SkillsContact"
"69",6.47396236459817,"FollowUp","SkillsContact"
"70",6.23149563619794,"Pre","Control"
"70",4.14714247468474,"Post","Control"
"70",2.17469616346987,"FollowUp","Control"
"71",5.06139513491873,"Pre","Skills"
"71",4.37335050838081,"Post","Skills"
"71",7.47922993372514,"FollowUp","Skills"
"72",2.93050975503389,"Pre","SkillsContact"
"72",5.46400281898544,"Post","SkillsContact"
"72",4.90748623296636,"FollowUp","SkillsContact"
"73",2.95799134360703,"Pre","Control"
"73",5.67593922495054,"Post","Control"
"73",2.16275823195588,"FollowUp","Control"
"74",3.20651047100348,"Pre","Skills"
"74",5.49312996069941,"Post","Skills"
"74",2.78991896331353,"FollowUp","Skills"
"75",4.05771898498821,"Pre","SkillsContact"
"75",4.57213822594549,"Post","SkillsContact"
"75",3.60564280831604,"FollowUp","SkillsContact"
"76",5.59481415062471,"Pre","Control"
"76",5.9680779051858,"Post","Control"
"76",4.61445748362358,"FollowUp","Control"
"77",0.91429257838899,"Pre","Skills"
"77",4.70085276458413,"Post","Skills"
"77",5.26821139216507,"FollowUp","Skills"
"78",5.16216554804524,"Pre","SkillsContact"
"78",2.27958859486873,"Post","SkillsContact"
"78",7.23802338068887,"FollowUp","SkillsContact"
"79",0.435804893634965,"Pre","Control"
"79",5.48635461640678,"Post","Control"
"79",4.67897245140536,"FollowUp","Control"
"80",5.26131181343233,"Pre","Skills"
"80",4.90956227149953,"Post","Skills"
"80",6.81347392172792,"FollowUp","Skills"
"81",4.40310924632688,"Pre","SkillsContact"
"81",4.83810977743997,"Post","SkillsContact"
"81",8.52930201004746,"FollowUp","SkillsContact"
"82",7.11761079798431,"Pre","Control"
"82",4.48877020495208,"Post","Control"
"82",3.51422880432379,"FollowUp","Control"
"83",0.746779988870053,"Pre","Skills"
"83",6.72994139731929,"Post","Skills"
"83",4.18345444224312,"FollowUp","Skills"
"84",2.83422545449328,"Pre","SkillsContact"
"84",4.78703044661399,"Post","SkillsContact"
"84",3.84718802994206,"FollowUp","SkillsContact"
"85",7.03387467803672,"Pre","Control"
"85",2.59465024654696,"Post","Control"
"85",1.90500946845522,"FollowUp","Control"
"86",2.91882468453877,"Pre","Skills"
"86",6.42427736054185,"Post","Skills"
"86",4.80841458984146,"FollowUp","Skills"
"87",5.21547784240497,"Pre","SkillsContact"
"87",5.97716290139318,"Post","SkillsContact"
"87",3.23851670319739,"FollowUp","SkillsContact"
"88",1.9414605994351,"Pre","Control"
"88",3.99607276049263,"Post","Control"
"88",4.79568059731249,"FollowUp","Control"
"89",3.85157561186893,"Pre","Skills"
"89",2.85862717337997,"Post","Skills"
"89",2.65551498090678,"FollowUp","Skills"
"90",4.13809060047088,"Pre","SkillsContact"
"90",6.25056452036016,"Post","SkillsContact"
"90",4.3009809792803,"FollowUp","SkillsContact"
"91",0.739803371835027,"Pre","Control"
"91",2.45136668745418,"Post","Control"
"91",2.9226332000145,"FollowUp","Control"
"92",2.48091895861486,"Pre","Skills"
"92",1.45020296186074,"Post","Skills"
"92",7.51366519741112,"FollowUp","Skills"
"93",5.98774925015487,"Pre","SkillsContact"
"93",5.12096503637175,"Post","SkillsContact"
"93",3.49133239463834,"FollowUp","SkillsContact"
"94",2.41547037443812,"Pre","Control"
"94",4.51179207688175,"Post","Control"
"94",-0.477103192013656,"FollowUp","Control"
"95",5.39310150095489,"Pre","Skills"
"95",3.60335256229536,"Post","Skills"
"95",5.97530161570561,"FollowUp","Skills"
"96",3.58596439400781,"Pre","SkillsContact"
"96",4.80593583279303,"Post","SkillsContact"
"96",6.21398856521068,"FollowUp","SkillsContact"
"97",5.98246267061722,"Pre","Control"
"97",1.09424817282615,"Post","Control"
"97",-1.00651025199596,"FollowUp","Control"
"98",3.08386177003284,"Pre","Skills"
"98",6.44414347399432,"Post","Skills"
"98",4.31445814982605,"FollowUp","Skills"
"99",4.92638455578257,"Pre","SkillsContact"
"99",3.74642308441502,"Post","SkillsContact"
"99",3.9729452271933,"FollowUp","SkillsContact"
"100",7.47695378395725,"Pre","Control"
"100",2.86487664898643,"Post","Control"
"100",3.00315808578685,"FollowUp","Control"
"101",5.66001558107967,"Pre","Skills"
"101",4.40914812872766,"Post","Skills"
"101",6.14686387878753,"FollowUp","Skills"
"102",7.16518088098226,"Pre","SkillsContact"
"102",6.96134565884461,"Post","SkillsContact"
"102",8.21767924868975,"FollowUp","SkillsContact"
"103",8.10643023776932,"Pre","Control"
"103",5.56230434310538,"Post","Control"
"103",4.07279962547462,"FollowUp","Control"
"104",3.81808836794359,"Pre","Skills"
"104",4.80967265365431,"Post","Skills"
"104",4.65090331085743,"FollowUp","Skills"
"105",4.7549617824396,"Pre","SkillsContact"
"105",5.42544935326859,"Post","SkillsContact"
"105",4.65450616764861,"FollowUp","SkillsContact"
"106",3.87276086875242,"Pre","Control"
"106",3.94882285626778,"Post","Control"
"106",1.99530379120378,"FollowUp","Control"
"107",3.27309441820969,"Pre","Skills"
"107",5.41396245864623,"Post","Skills"
"107",4.77851389074024,"FollowUp","Skills"
"108",3.36864820853185,"Pre","SkillsContact"
"108",4.35143414028618,"Post","SkillsContact"
"108",5.94944460667677,"FollowUp","SkillsContact"
"109",5.69019296142303,"Pre","Control"
"109",4.35579297410614,"Post","Control"
"109",0.734803036600566,"FollowUp","Control"
"110",4.30242717450733,"Pre","Skills"
"110",5.9559491225044,"Post","Skills"
"110",6.84937467391243,"FollowUp","Skills"
"111",3.70898709430527,"Pre","SkillsContact"
"111",6.01271379065298,"Post","SkillsContact"
"111",4.04081513207391,"FollowUp","SkillsContact"
"112",2.25529473986164,"Pre","Control"
"112",1.18544370473788,"Post","Control"
"112",6.81989872979013,"FollowUp","Control"
"113",4.19092220431689,"Pre","Skills"
"113",3.38396373488587,"Post","Skills"
"113",4.06060427300975,"FollowUp","Skills"
"114",3.37516024498613,"Pre","SkillsContact"
"114",2.78377873787373,"Post","SkillsContact"
"114",3.62784445746653,"FollowUp","SkillsContact"
"115",2.93710083698683,"Pre","Control"
"115",4.44891425977299,"Post","Control"
"115",5.05248125402037,"FollowUp","Control"
"116",2.26086646387676,"Pre","Skills"
"116",5.02976515940041,"Post","Skills"
"116",4.40498129755122,"FollowUp","Skills"
"117",4.58755556748759,"Pre","SkillsContact"
"117",3.81558359420343,"Post","SkillsContact"
"117",3.44855625893239,"FollowUp","SkillsContact"
"118",4.33503090079972,"Pre","Control"
"118",5.13916609976689,"Post","Control"
"118",3.22973423166482,"FollowUp","Control"
"119",3.59111960963232,"Pre","Skills"
"119",4.5717793374239,"Post","Skills"
"119",3.72906742515627,"FollowUp","Skills"
"120",0.495356090410362,"Pre","SkillsContact"
"120",7.28376698221808,"Post","SkillsContact"
"120",3.78027301075103,"FollowUp","SkillsContact"
"121",6.33887356698427,"Pre","Control"
"121",0.456252388951503,"Post","Control"
"121",1.96943111347627,"FollowUp","Control"
"122",3.91547192704935,"Pre","Skills"
"122",5.65176748728933,"Post","Skills"
"122",4.51910589508091,"FollowUp","Skills"
"123",9.18563791911114,"Pre","SkillsContact"
"123",4.56751192558641,"Post","SkillsContact"
"123",5.50809264757757,"FollowUp","SkillsContact"
"124",1.52919588945128,"Pre","Control"
"124",5.79937237199073,"Post","Control"
"124",3.26470681695995,"FollowUp","Control"
"125",4.44313874750097,"Pre","Skills"
"125",5.24543916799963,"Post","Skills"
"125",4.57377260689816,"FollowUp","Skills"
"126",5.19661418781157,"Pre","SkillsContact"
"126",7.91198298085289,"Post","SkillsContact"
"126",3.79151581844124,"FollowUp","SkillsContact"
"127",3.03789985550905,"Pre","Control"
"127",2.65643095040477,"Post","Control"
"127",6.90657800472056,"FollowUp","Control"
"128",3.89602275056854,"Pre","Skills"
"128",3.84667323390675,"Post","Skills"
"128",6.0944550292672,"FollowUp","Skills"
"129",2.23336349658134,"Pre","SkillsContact"
"129",5.65407849277149,"Post","SkillsContact"
"129",2.37821811438714,"FollowUp","SkillsContact"
"130",2.62061050139391,"Pre","Control"
"130",6.06883066604633,"Post","Control"
"130",2.92797955949484,"FollowUp","Control"
"131",5.18767677983928,"Pre","Skills"
"131",5.3298643765876,"Post","Skills"
"131",4.63365680255029,"FollowUp","Skills"
"132",3.86400609418982,"Pre","SkillsContact"
"132",4.40316781731957,"Post","SkillsContact"
"132",6.17816534201689,"FollowUp","SkillsContact"
"133",7.40850166020263,"Pre","Control"
"133",3.19975270787497,"Post","Control"
"133",3.57342508896975,"FollowUp","Control"
"134",2.25502104238197,"Pre","Skills"
"134",2.05543902813815,"Post","Skills"
"134",5.03311451378225,"FollowUp","Skills"
"135",6.2767661749697,"Pre","SkillsContact"
"135",4.22858333687984,"Post","SkillsContact"
"135",4.37102262484998,"FollowUp","SkillsContact"
"136",4.13697650025349,"Pre","Control"
"136",4.56776017090417,"Post","Control"
"136",0.326557173150395,"FollowUp","Control"
"137",2.93437373951469,"Pre","Skills"
"137",4.44231354141945,"Post","Skills"
"137",4.11933923369912,"FollowUp","Skills"
"138",4.86671795665615,"Pre","SkillsContact"
"138",4.27645519570941,"Post","SkillsContact"
"138",5.21589668188134,"FollowUp","SkillsContact"
"139",4.28879106148938,"Pre","Control"
"139",4.11195781025994,"Post","Control"
"139",5.62226752949019,"FollowUp","Control"
"140",3.02862320761961,"Pre","Skills"
"140",2.85451769848206,"Post","Skills"
"140",4.24857196269497,"FollowUp","Skills"
"141",6.03638389926227,"Pre","SkillsContact"
"141",1.94921279411707,"Post","SkillsContact"
"141",4.87563686060142,"FollowUp","SkillsContact"
"142",4.64698998180202,"Pre","Control"
"142",4.8440575407195,"Post","Control"
"142",3.46357738129604,"FollowUp","Control"
"143",2.12861096352054,"Pre","Skills"
"143",4.72261571136348,"Post","Skills"
"143",4.2318004495798,"FollowUp","Skills"
"144",3.28219388930429,"Pre","SkillsContact"
"144",5.60347088561268,"Post","SkillsContact"
"144",3.84477881281276,"FollowUp","SkillsContact"
"145",5.89896678919377,"Pre","Control"
"145",2.74709289431932,"Post","Control"
"145",5.50549172394761,"FollowUp","Control"
"146",4.67046453598161,"Pre","Skills"
"146",4.49085242992131,"Post","Skills"
"146",4.81969175051858,"FollowUp","Skills"
"147",2.69273330922848,"Pre","SkillsContact"
"147",4.27865939249112,"Post","SkillsContact"
"147",3.70912203466264,"FollowUp","SkillsContact"
"148",4.64886941535206,"Pre","Control"
"148",1.81334687713003,"Post","Control"
"148",6.36487366948539,"FollowUp","Control"
"149",5.17411310513977,"Pre","Skills"
"149",4.3251626225608,"Post","Skills"
"149",3.80499920235233,"FollowUp","Skills"
"150",2.35750847705421,"Pre","SkillsContact"
"150",6.99606292083978,"Post","SkillsContact"
"150",3.96619292322199,"FollowUp","SkillsContact"
"151",3.62001563350614,"Pre","Control"
"151",5.72015735330333,"Post","Control"
"151",3.3936391483757,"FollowUp","Control"
"152",3.82612055082989,"Pre","Skills"
"152",4.63733565533282,"Post","Skills"
"152",4.22107849440988,"FollowUp","Skills"
"153",4.44394897481349,"Pre","SkillsContact"
"153",3.5994791900565,"Post","SkillsContact"
"153",4.69710905887784,"FollowUp","SkillsContact"
"154",4.56297244094146,"Pre","Control"
"154",6.29455874318146,"Post","Control"
"154",4.24253533047169,"FollowUp","Control"
"155",4.63937354953358,"Pre","Skills"
"155",6.44823993517574,"Post","Skills"
"155",3.90776964260951,"FollowUp","Skills"
"156",6.62076807751103,"Pre","SkillsContact"
"156",5.61484624694444,"Post","SkillsContact"
"156",2.31672331527696,"FollowUp","SkillsContact"
"157",3.69353446703692,"Pre","Control"
"157",3.75145195736599,"Post","Control"
"157",3.70332929256599,"FollowUp","Control"
"158",1.05447131114402,"Pre","Skills"
"158",4.36001214235672,"Post","Skills"
"158",3.95756222955165,"FollowUp","Skills"
"159",4.93483342005207,"Pre","SkillsContact"
"159",3.56004238984427,"Post","SkillsContact"
"159",4.58097466020666,"FollowUp","SkillsContact"
"160",1.54633743073806,"Pre","Control"
"160",6.63967671781672,"Post","Control"
"160",4.2397192032668,"FollowUp","Control"
"161",2.53304928829668,"Pre","Skills"
"161",5.66263271353273,"Post","Skills"
"161",4.38589398464401,"FollowUp","Skills"
"162",3.98416780675511,"Pre","SkillsContact"
"162",4.4465947175728,"Post","SkillsContact"
"162",5.73595918968341,"FollowUp","SkillsContact"
"163",6.82199004849432,"Pre","Control"
"163",4.2146288414537,"Post","Control"
"163",1.59060888174129,"FollowUp","Control"
"164",3.91780945036422,"Pre","Skills"
"164",3.43432082956085,"Post","Skills"
"164",6.61358351436155,"FollowUp","Skills"
"165",3.46928184667704,"Pre","SkillsContact"
"165",5.37434500824554,"Post","SkillsContact"
"165",2.42484998861732,"FollowUp","SkillsContact"
"166",4.56043717448692,"Pre","Control"
"166",3.74913429341948,"Post","Control"
"166",2.64638554359728,"FollowUp","Control"
"167",4.11455040328735,"Pre","Skills"
"167",7.86467376722534,"Post","Skills"
"167",6.17882389777852,"FollowUp","Skills"
"168",4.27867716024082,"Pre","SkillsContact"
"168",6.58780787375311,"Post","SkillsContact"
"168",4.90923914874807,"FollowUp","SkillsContact"
"169",7.03028137958596,"Pre","Control"
"169",2.97284183102249,"Post","Control"
"169",3.24525494530423,"FollowUp","Control"
"170",-0.352928767417119,"Pre","Skills"
"170",2.48374276025353,"Post","Skills"
"170",5.91908203460514,"FollowUp","Skills"
"171",0.651837077872917,"Pre","SkillsContact"
"171",6.97258086985367,"Post","SkillsContact"
"171",4.82187395677359,"FollowUp","SkillsContact"
"172",5.50004878219895,"Pre","Control"
"172",3.24425480739254,"Post","Control"
"172",3.53031724854221,"FollowUp","Control"
"173",3.91061413187665,"Pre","Skills"
"173",4.84259221086195,"Post","Skills"
"173",4.64598619868865,"FollowUp","Skills"
"174",4.21758757139167,"Pre","SkillsContact"
"174",4.9410830957805,"Post","SkillsContact"
"174",5.51706660669469,"FollowUp","SkillsContact"
"175",3.80220931321979,"Pre","Control"
"175",4.08958751108482,"Post","Control"
"175",2.52502929317006,"FollowUp","Control"
"176",1.89380652999985,"Pre","Skills"
"176",2.70050335725324,"Post","Skills"
"176",5.14373672940261,"FollowUp","Skills"
"177",5.82228324604494,"Pre","SkillsContact"
"177",5.19109240776336,"Post","SkillsContact"
"177",7.18068127851965,"FollowUp","SkillsContact"
"178",6.52076302726081,"Pre","Control"
"178",5.35987110271884,"Post","Control"
"178",4.75610141742794,"FollowUp","Control"
"179",3.59162870192411,"Pre","Skills"
"179",2.38878816042187,"Post","Skills"
"179",4.53473020544994,"FollowUp","Skills"
"180",3.51885125176974,"Pre","SkillsContact"
"180",3.91798958114807,"Post","SkillsContact"
"180",4.3498852462252,"FollowUp","SkillsContact"
"181",3.599493570597,"Pre","Control"
"181",3.0831488206921,"Post","Control"
"181",4.42041831442625,"FollowUp","Control"
"182",3.86961874695782,"Pre","Skills"
"182",7.75489613742239,"Post","Skills"
"182",3.51316109401444,"FollowUp","Skills"
"183",3.54696642589988,"Pre","SkillsContact"
"183",4.61075031735073,"Post","SkillsContact"
"183",6.10416122531681,"FollowUp","SkillsContact"
"184",4.48911525302101,"Pre","Control"
"184",5.30311606284489,"Post","Control"
"184",2.84070544361165,"FollowUp","Control"
"185",3.63764596099712,"Pre","Skills"
"185",2.99968094797851,"Post","Skills"
"185",5.37677346530884,"FollowUp","Skills"
"186",3.50926462317587,"Pre","SkillsContact"
"186",7.29962598297184,"Post","SkillsContact"
"186",6.25025916952499,"FollowUp","SkillsContact"
"187",4.26504973869285,"Pre","Control"
"187",4.55855561428335,"Post","Control"
"187",1.6577314240578,"FollowUp","Control"
"188",2.07033606689252,"Pre","Skills"
"188",3.88607145574351,"Post","Skills"
"188",4.74106801929457,"FollowUp","Skills"
"189",5.31105124832942,"Pre","SkillsContact"
"189",7.129440740327,"Post","SkillsContact"
"189",4.56605556756744,"FollowUp","SkillsContact"
"190",5.52404193064109,"Pre","Control"
"190",7.95013835772297,"Post","Control"
"190",2.63566421449598,"FollowUp","Control"
"191",3.28940394430414,"Pre","Skills"
"191",5.55525664805311,"Post","Skills"
"191",5.12405038069872,"FollowUp","Skills"
"192",6.03198233197788,"Pre","SkillsContact"
"192",2.82210381710207,"Post","SkillsContact"
"192",2.31727847394545,"FollowUp","SkillsContact"
"193",8.47697392435551,"Pre","Control"
"193",4.97731900215304,"Post","Control"
"193",1.87522756051414,"FollowUp","Control"
"194",1.56629402504612,"Pre","Skills"
"194",3.80842457278773,"Post","Skills"
"194",7.10988704671435,"FollowUp","Skills"
"195",4.26931440529531,"Pre","SkillsContact"
"195",4.40601419889021,"Post","SkillsContact"
"195",5.52743865530525,"FollowUp","SkillsContact"
"196",2.88979295568525,"Pre","Control"
"196",4.90843549732756,"Post","Control"
"196",4.72589256022305,"FollowUp","Control"
"197",3.48963577384647,"Pre","Skills"
"197",4.27253509816185,"Post","Skills"
"197",1.9655116000094,"FollowUp","Skills"
"198",3.66078352421845,"Pre","SkillsContact"
"198",6.62111802169321,"Post","SkillsContact"
"198",5.26768438626315,"FollowUp","SkillsContact"
"199",4.92088390726055,"Pre","Control"
"199",4.25698824573144,"Post","Control"
"199",3.14167411586882,"FollowUp","Control"
"200",1.48801429960305,"Pre","Skills"
"200",6.00021236254307,"Post","Skills"
"200",6.31965911150081,"FollowUp","Skills"
"201",4.7653664001255,"Pre","SkillsContact"
"201",8.11932523968632,"Post","SkillsContact"
"201",5.10648634338309,"FollowUp","SkillsContact"
"202",2.42449869152936,"Pre","Control"
"202",4.80344635257848,"Post","Control"
"202",5.46837959761284,"FollowUp","Control"
"203",3.20793037369197,"Pre","Skills"
"203",5.63068662677706,"Post","Skills"
"203",4.3895909379023,"FollowUp","Skills"
"204",4.37019568564622,"Pre","SkillsContact"
"204",5.52665107742951,"Post","SkillsContact"
"204",5.24245432475262,"FollowUp","SkillsContact"
"205",2.85371987012064,"Pre","Control"
"205",7.17426573576033,"Post","Control"
"205",2.57697949372388,"FollowUp","Control"
"206",5.53133372906378,"Pre","Skills"
"206",5.33470542027082,"Post","Skills"
"206",6.62237452030614,"FollowUp","Skills"
"207",4.0373728692902,"Pre","SkillsContact"
"207",5.46307942804912,"Post","SkillsContact"
"207",7.44279304130135,"FollowUp","SkillsContact"
"208",3.23170089412751,"Pre","Control"
"208",4.47340396115645,"Post","Control"
"208",5.29341413816135,"FollowUp","Control"
"209",2.25134775576225,"Pre","Skills"
"209",5.81789840035813,"Post","Skills"
"209",4.69843364735563,"FollowUp","Skills"
"210",0.980092047648125,"Pre","SkillsContact"
"210",5.49654014611673,"Post","SkillsContact"
"210",4.63831457239283,"FollowUp","SkillsContact"
"211",4.99301817994899,"Pre","Control"
"211",3.54467191736621,"Post","Control"
"211",1.237387896709,"FollowUp","Control"
"212",5.91935905309192,"Pre","Skills"
"212",4.36506320614209,"Post","Skills"
"212",4.15954417157636,"FollowUp","Skills"
"213",0.362006059636966,"Pre","SkillsContact"
"213",3.09403648748884,"Post","SkillsContact"
"213",5.13992841440142,"FollowUp","SkillsContact"
"214",2.71924190713023,"Pre","Control"
"214",5.07431477341438,"Post","Control"
"214",5.67609675681393,"FollowUp","Control"
"215",3.75850828700044,"Pre","Skills"
"215",3.96788941810396,"Post","Skills"
"215",5.10421502416515,"FollowUp","Skills"
"216",3.68959126812613,"Pre","SkillsContact"
"216",6.74229180812113,"Post","SkillsContact"
"216",8.47163573536809,"FollowUp","SkillsContact"
"217",5.88092555664519,"Pre","Control"
"217",4.26133809341423,"Post","Control"
"217",1.49343033850151,"FollowUp","Control"
"218",3.54879435898943,"Pre","Skills"
"218",2.82807489807623,"Post","Skills"
"218",6.9128352216263,"FollowUp","Skills"
"219",3.97661790616775,"Pre","SkillsContact"
"219",5.80386395755533,"Post","SkillsContact"
"219",3.22541526741228,"FollowUp","SkillsContact"
"220",3.95246655970877,"Pre","Control"
"220",1.84409352045457,"Post","Control"
"220",3.38128194934241,"FollowUp","Control"
"221",2.8898341348982,"Pre","Skills"
"221",3.53297033969701,"Post","Skills"
"221",5.02392398905987,"FollowUp","Skills"
"222",0.0847404359178352,"Pre","SkillsContact"
"222",5.43934089358336,"Post","SkillsContact"
"222",2.3786391605476,"FollowUp","SkillsContact"
"223",5.3485670780413,"Pre","Control"
"223",3.23875517190486,"Post","Control"
"223",4.37834144938058,"FollowUp","Control"
"224",4.45320023186855,"Pre","Skills"
"224",4.5868667567199,"Post","Skills"
"224",2.89654402026248,"FollowUp","Skills"
"225",5.13922446233013,"Pre","SkillsContact"
"225",2.86643425488669,"Post","SkillsContact"
"225",4.51697389615375,"FollowUp","SkillsContact"
"226",7.52055677893204,"Pre","Control"
"226",5.93202353774885,"Post","Control"
"226",2.71598842295033,"FollowUp","Control"
"227",2.95997064413529,"Pre","Skills"
"227",6.71951382237539,"Post","Skills"
"227",2.27849151875071,"FollowUp","Skills"
"228",4.1644968647541,"Pre","SkillsContact"
"228",4.49243001378848,"Post","SkillsContact"
"228",4.57213857454475,"FollowUp","SkillsContact"
"229",2.4728986069862,"Pre","Control"
"229",3.9011956604787,"Post","Control"
"229",4.17246283398725,"FollowUp","Control"
"230",5.79166976288272,"Pre","Skills"
"230",5.75287608221192,"Post","Skills"
"230",4.33397267043453,"FollowUp","Skills"
"231",2.68631291546308,"Pre","SkillsContact"
"231",2.95017823731967,"Post","SkillsContact"
"231",2.86962250740258,"FollowUp","SkillsContact"
"232",5.76340993440635,"Pre","Control"
"232",5.19213680786412,"Post","Control"
"232",1.73986449262448,"FollowUp","Control"
"233",6.34460844376655,"Pre","Skills"
"233",4.65363373430181,"Post","Skills"
"233",2.42767892230894,"FollowUp","Skills"
"234",3.88159662312883,"Pre","SkillsContact"
"234",5.04160534534067,"Post","SkillsContact"
"234",4.96806931887537,"FollowUp","SkillsContact"
"235",3.95725577796676,"Pre","Control"
"235",3.6311558846337,"Post","Control"
"235",5.03235075708358,"FollowUp","Control"
"236",3.61127443505389,"Pre","Skills"
"236",3.92496263060019,"Post","Skills"
"236",5.87653170473866,"FollowUp","Skills"
"237",6.10537904246724,"Pre","SkillsContact"
"237",3.03478597351303,"Post","SkillsContact"
"237",8.17609303939333,"FollowUp","SkillsContact"
"238",3.51660196052212,"Pre","Control"
"238",2.73041384592613,"Post","Control"
"238",4.1400920056592,"FollowUp","Control"
"239",10.3408672781407,"Pre","Skills"
"239",6.90814513773646,"Post","Skills"
"239",4.78533838066426,"FollowUp","Skills"
"240",6.53036890038058,"Pre","SkillsContact"
"240",5.72789188019344,"Post","SkillsContact"
"240",5.84477121905231,"FollowUp","SkillsContact"
"241",8.0372723501459,"Pre","Control"
"241",3.70061035384781,"Post","Control"
"241",6.52362832248619,"FollowUp","Control"
"242",3.22810765074426,"Pre","Skills"
"242",5.06927495630544,"Post","Skills"
"242",5.31363306786071,"FollowUp","Skills"
"243",2.57605037404794,"Pre","SkillsContact"
"243",3.97578809705145,"Post","SkillsContact"
"243",4.7626223303957,"FollowUp","SkillsContact"
"244",5.64811509392931,"Pre","Control"
"244",6.7281259630912,"Post","Control"
"244",3.35424025571273,"FollowUp","Control"
"245",3.95533158853097,"Pre","Skills"
"245",3.9848198327447,"Post","Skills"
"245",3.56435017165147,"FollowUp","Skills"
"246",2.53930905322641,"Pre","SkillsContact"
"246",7.02152919099377,"Post","SkillsContact"
"246",2.62831570376694,"FollowUp","SkillsContact"
"247",3.89899634582491,"Pre","Control"
"247",1.84590012879579,"Post","Control"
"247",6.30412979712936,"FollowUp","Control"
"248",3.17058171513628,"Pre","Skills"
"248",5.15415048847981,"Post","Skills"
"248",5.14719678121438,"FollowUp","Skills"
"249",7.09562098560822,"Pre","SkillsContact"
"249",4.50650476222444,"Post","SkillsContact"
"249",5.1454474922168,"FollowUp","SkillsContact"
"250",5.12432099190501,"Pre","Control"
"250",4.19869469478354,"Post","Control"
"250",2.45207812403909,"FollowUp","Control"
"251",8.15598554091117,"Pre","Skills"
"251",5.31983129875646,"Post","Skills"
"251",2.13343125489432,"FollowUp","Skills"
"252",2.27181690829664,"Pre","SkillsContact"
"252",3.43122132211853,"Post","SkillsContact"
"252",5.33949452285088,"FollowUp","SkillsContact"
"253",3.31415337734139,"Pre","Control"
"253",5.79666775792774,"Post","Control"
"253",3.25967102138498,"FollowUp","Control"
"254",6.99784171322152,"Pre","Skills"
"254",5.84960929658323,"Post","Skills"
"254",5.6719184747905,"FollowUp","Skills"
"255",6.50251669355878,"Pre","SkillsContact"
"255",6.5252494785999,"Post","SkillsContact"
"255",6.72709966062111,"FollowUp","SkillsContact"
"256",3.4349638244273,"Pre","Control"
"256",5.24921376662901,"Post","Control"
"256",2.71226026969665,"FollowUp","Control"
"257",-1.19908994536438,"Pre","Skills"
"257",2.22730548549658,"Post","Skills"
"257",5.63987756191228,"FollowUp","Skills"
"258",4.09375774100311,"Pre","SkillsContact"
"258",6.5941053533564,"Post","SkillsContact"
"258",5.97802531796061,"FollowUp","SkillsContact"
"259",6.09481146134243,"Pre","Control"
"259",3.31327872161361,"Post","Control"
"259",3.79647556240429,"FollowUp","Control"
"260",5.88912902802305,"Pre","Skills"
"260",3.17348305226022,"Post","Skills"
"260",4.66309759910566,"FollowUp","Skills"
"261",3.28890754385289,"Pre","SkillsContact"
"261",3.57041383479775,"Post","SkillsContact"
"261",4.24364293377115,"FollowUp","SkillsContact"
"262",5.30997642760777,"Pre","Control"
"262",0.878254546065515,"Post","Control"
"262",2.62146788380895,"FollowUp","Control"
"263",4.73284145279049,"Pre","Skills"
"263",4.65853610546503,"Post","Skills"
"263",5.5617546360979,"FollowUp","Skills"
"264",4.71042236911942,"Pre","SkillsContact"
"264",4.23139393006828,"Post","SkillsContact"
"264",6.11807774864024,"FollowUp","SkillsContact"
"265",3.2559851907529,"Pre","Control"
"265",4.74510017319147,"Post","Control"
"265",6.87862898456267,"FollowUp","Control"
"266",3.50198466894089,"Pre","Skills"
"266",2.94901659674672,"Post","Skills"
"266",4.84928020875578,"FollowUp","Skills"
"267",5.45134197418241,"Pre","SkillsContact"
"267",7.59939145603091,"Post","SkillsContact"
"267",5.38424787543657,"FollowUp","SkillsContact"
"268",6.48640325384025,"Pre","Control"
"268",4.26981275977367,"Post","Control"
"268",5.1831315564703,"FollowUp","Control"
"269",5.30806367211977,"Pre","Skills"
"269",4.95249254001165,"Post","Skills"
"269",3.0186351956444,"FollowUp","Skills"
"270",0.31942169054946,"Pre","SkillsContact"
"270",5.43764914826759,"Post","SkillsContact"
"270",2.54941766510048,"FollowUp","SkillsContact"
"271",2.30912959150668,"Pre","Control"
"271",6.42249042094749,"Post","Control"
"271",3.24625133938217,"FollowUp","Control"
"272",3.50640811409052,"Pre","Skills"
"272",2.7141471524159,"Post","Skills"
"272",4.62257516402628,"FollowUp","Skills"
"273",1.96027655125714,"Pre","SkillsContact"
"273",8.73951895807883,"Post","SkillsContact"
"273",5.65271748933905,"FollowUp","SkillsContact"
"274",4.95748706417573,"Pre","Control"
"274",6.17968658963545,"Post","Control"
"274",4.15674856013546,"FollowUp","Control"
"275",4.36299405394048,"Pre","Skills"
"275",1.79382728611255,"Post","Skills"
"275",6.4040029376294,"FollowUp","Skills"
"276",1.24251293232972,"Pre","SkillsContact"
"276",4.2605559249545,"Post","SkillsContact"
"276",4.30580116444309,"FollowUp","SkillsContact"
"277",3.93072074512249,"Pre","Control"
"277",4.8018983525234,"Post","Control"
"277",2.0793081151681,"FollowUp","Control"
"278",6.81580875176794,"Pre","Skills"
"278",4.96225241817198,"Post","Skills"
"278",5.78551908583373,"FollowUp","Skills"
"279",3.11537556002721,"Pre","SkillsContact"
"279",5.40667249613299,"Post","SkillsContact"
"279",3.91274420514204,"FollowUp","SkillsContact"
"280",3.50468797953563,"Pre","Control"
"280",4.50664375910576,"Post","Control"
"280",4.89729864385643,"FollowUp","Control"
"281",2.39525983252387,"Pre","Skills"
"281",5.70298126257799,"Post","Skills"
"281",3.67971909415178,"FollowUp","Skills"
"282",3.85270148558456,"Pre","SkillsContact"
"282",6.25197234835189,"Post","SkillsContact"
"282",7.80208210025785,"FollowUp","SkillsContact"
"283",3.70673459492843,"Pre","Control"
"283",4.47764509345745,"Post","Control"
"283",3.53686007099287,"FollowUp","Control"
"284",4.04737629386726,"Pre","Skills"
"284",5.87219469453184,"Post","Skills"
"284",5.82613151068739,"FollowUp","Skills"
"285",4.19407087183358,"Pre","SkillsContact"
"285",6.81428090273346,"Post","SkillsContact"
"285",3.33468037635271,"FollowUp","SkillsContact"
"286",4.08447741309887,"Pre","Control"
"286",4.09053484689743,"Post","Control"
"286",5.04770649743476,"FollowUp","Control"
"287",3.92620678606711,"Pre","Skills"
"287",5.4390903143122,"Post","Skills"
"287",5.41068334573012,"FollowUp","Skills"
"288",6.00157185166779,"Pre","SkillsContact"
"288",5.49037470990898,"Post","SkillsContact"
"288",6.0710987641209,"FollowUp","SkillsContact"
"289",3.37506441205726,"Pre","Control"
"289",3.85305500159745,"Post","Control"
"289",4.54114859614844,"FollowUp","Control"
"290",3.3785880460996,"Pre","Skills"
"290",7.55584594117472,"Post","Skills"
"290",5.26755667829196,"FollowUp","Skills"
"291",3.85623317804342,"Pre","SkillsContact"
"291",3.3601073590953,"Post","SkillsContact"
"291",4.21187051571998,"FollowUp","SkillsContact"
"292",3.36478842609267,"Pre","Control"
"292",3.67190971795354,"Post","Control"
"292",4.36560974903071,"FollowUp","Control"
"293",2.85863845660926,"Pre","Skills"
"293",4.37137873228374,"Post","Skills"
"293",2.6571532556082,"FollowUp","Skills"
"294",4.01460963464619,"Pre","SkillsContact"
"294",5.67872815791295,"Post","SkillsContact"
"294",5.300074614096,"FollowUp","SkillsContact"
"295",4.29251816647384,"Pre","Control"
"295",5.44097765271605,"Post","Control"
"295",4.27725031845856,"FollowUp","Control"
"296",3.60694077482943,"Pre","Skills"
"296",6.58378660078399,"Post","Skills"
"296",3.59677107566068,"FollowUp","Skills"
"297",2.08453460829179,"Pre","SkillsContact"
"297",5.69895157252724,"Post","SkillsContact"
"297",7.15385400269376,"FollowUp","SkillsContact"
"298",7.92607798067143,"Pre","Control"
"298",2.92281330202453,"Post","Control"
"298",3.89285091525808,"FollowUp","Control"
"299",5.80541568263568,"Pre","Skills"
"299",2.43515890783858,"Post","Skills"
"299",5.81472060345026,"FollowUp","Skills"
"300",4.91206786834997,"Pre","SkillsContact"
"300",5.3382408966938,"Post","SkillsContact"
"300",3.48501196496469,"FollowUp","SkillsContact"
